{
   "DAEMON_END_POINT": "0.0.0.0:2242",
   "ETHEREUM_JSON_RPC_ENDPOINT": "https://mainnet.infura.io",
   "IPFS_END_POINT": "http://ipfs.singularitynet.io:80",
   "REGISTRY_ADDRESS_KEY": "0xb3180a92e210b45e3447976a412ac0df859febaf",
   "PASSTHROUGH_ENABLED": true,
   "PASSTHROUGH_ENDPOINT": "http://127.0.0.1:5000",
   "ORGANIZATION_ID": "snet",
   "SERVICE_ID": "network-analytics-bipartite",
   "ssl_cert": "/etc/letsencrypt/live/tz-services-1.snet.sh/fullchain.pem",
   "ssl_key": "/etc/letsencrypt/live/tz-services-1.snet.sh/privkey.pem",
   "PAYMENT_CHANNEL_STORAGE_SERVER": {
       "id":"st20",
       "host" : "127.0.0.1",
       "client_port": 2395,
       "peer_port": 2396,
       "enabled": true,
       "cluster": "st20=http://127.0.0.1:2396",
       "DATA_DIR": "/home/netk/pay/bipartite_mainnet/"
   },
   "payment_channel_storage_client": {
            "connection_timeout": "5s",
            "request_timeout": "3s",
            "endpoints": ["http://127.0.0.1:2395"]
   },
   "LOG": {
       "LEVEL": "debug",
       "OUTPUT": {
              "TYPE": "stdout"
           }
   }
}
